caption,image_file
clouds,image (1).jpg
clouds,image (2).jpg
clouds,image (3).jpg
clouds,image (4).jpg
clouds,image (5).jpg
clouds,image (6).jpg
clouds,image (7).jpg
clouds,image (8).jpg
clouds,image (9).jpg
clouds,image (10).jpg
clouds,image (11).jpg
clouds,image (12).jpg
clouds,image (13).jpg
clouds,image (14).jpg
clouds,image (15).jpg
clouds,image (16).jpg
clouds,image (17).jpg
clouds,image (18).jpg
clouds,image (19).jpg
clouds,image (20).jpg
clouds,image (21).jpg
clouds,image (22).jpg
clouds,image (23).jpg
clouds,image (24).jpg
clouds,image (25).jpg
clouds,image (26).jpg
clouds,image (27).jpg
clouds,image (28).jpg
clouds,image (29).jpg
clouds,image (30).jpg
clouds,image (31).jpg
clouds,image (32).jpg
clouds,image (33).jpg
clouds,image (34).jpg
clouds,image (35).jpg
clouds,image (36).jpg
clouds,image (37).jpg
clouds,image (38).jpg
clouds,image (39).jpg
clouds,image (40).jpg
clouds,image (41).jpg
